"","Ammodytes hexapterus","Oncorhynchus tshawytscha","Oncorhynchus keta","Oncorhynchus kisutch","Ophiodon elongatus","Oncorhynchus nerka","Raja binoculata","Oncorhynchus mykiss","Hydrolagus colliei","Anoplopoma fimbria","Hippoglossus stenolepis","Atheresthes stomias","NA","NA.1","Clupea pallasii","Gadus chalcogrammus","Citharichthys sordidus"
"F21SEP11-01B-S1",0,7087,37736,58484,0,0,0,0,0,0,0,0,1380,0,0,0,0
"F22MAY30-05A-S2",0,207759,0,0,0,0,0,1654,7,0,0,0,646,0,0,0,0
"F22MAY30-05B-S3",0,157222,0,0,0,0,0,511,0,0,0,0,765,0,0,0,0
"F22SEP06-01C-S4",0,229385,0,0,0,0,0,0,0,0,0,0,0,0,0,0,39
"10Nov2022-3-Post-S5",0,142644,0,0,6252,0,0,688,0,0,0,0,95,0,0,0,0
"F23JUL01-03A-S6",0,307617,0,0,0,0,0,0,0,0,0,0,70,0,0,0,0
"F23JUL01-05B-S7",0,187921,0,12983,0,0,0,0,0,0,0,0,171,2014,0,0,0
"F23JUL01-06A-S8",0,194499,0,14625,0,0,0,0,0,0,0,0,0,761,0,0,0
"F23AUG17-02B-S9",0,221872,0,0,0,0,0,0,0,0,0,0,0,0,0,0,0
"F24MAR22-01A-Post-S10",0,9448,0,0,100653,0,0,0,0,0,0,4,0,0,0,0,0
"F24MAY27-02A-S11",0,190033,0,0,47295,0,0,0,0,0,0,16585,0,950,0,0,0
"F24MAY27-02A-Post-S12",0,190650,0,0,49869,0,0,0,0,0,0,17668,0,935,0,0,0
"F24MAY27-03A-S13",0,86417,0,0,0,0,0,0,0,260,0,0,156,15450,0,0,0
"F24JUN01-01C-S14",0,405133,0,0,203681,0,0,0,0,0,0,0,0,0,0,8945,0
"F24JUN01-01C-Post-S15",0,123003,0,0,55764,0,0,0,0,0,0,0,5,0,0,2512,0
"F24JUN01-02A-Post-S16",0,152222,0,0,39866,0,0,0,0,0,0,0,0,85,0,0,0
"F24JUN21-01A-Post-S17",0,531034,0,0,6282,0,0,0,0,0,0,0,0,0,0,0,0
"F24Aug21-01AB-Post-S18",352,107148,16529,8777,0,0,0,56255,0,0,0,8,6726,0,0,0,4778
"F24OCT29-01A-S19",0,138,0,0,0,0,0,0,0,60728,0,106490,0,0,0,0,0
"F24OCT29-06B-S20",0,181031,0,0,0,0,0,0,0,43890,0,41739,0,0,0,0,0
"F24OCT29-06B-Post-S21",0,333436,0,0,9,0,0,0,0,69722,2,64608,0,0,0,0,0
"F24OCT29-07A-S22",0,59364,0,0,0,0,0,0,0,44595,0,14551,0,0,0,0,0
"F24NOV06-01A-Post-S23",0,171483,10317,0,0,0,0,0,0,0,0,0,0,2641,0,0,0
"23Dec2023-4-S24",0,90027,122155,0,0,0,0,0,0,0,0,0,27,0,0,0,0
"06Oct2024-3-S25",0,134912,93956,7903,0,0,0,0,0,0,0,0,0,0,0,0,0
"06Oct2024-3-Post-S26",0,109440,95794,7718,0,0,0,0,0,5,0,0,0,0,0,0,0
"06Oct2024-4-Post-S27",0,221692,40097,11819,25,0,0,0,0,0,0,4,249,799,129,0,0
"07Oct2024-1-S28",0,168053,0,0,0,0,0,0,0,0,0,0,0,0,0,0,0
"F24JUL24-01A-S29",0,449289,0,0,0,0,0,0,0,0,0,0,0,0,0,0,0
"F24JUL27-01A-Post-S30",0,450318,0,0,10,704,0,0,0,0,0,0,150,0,0,0,0
"F24AUG20-01A-S31",0,162159,0,0,0,0,0,0,0,14200,0,8280,0,0,0,0,0
"F23JUL01-01A-S32",0,337229,0,0,0,0,0,0,0,0,0,0,0,0,0,0,0
"F23AUG17-02A-S33",0,112227,0,0,0,0,0,0,0,0,0,0,0,0,0,0,0
"F23AUG17-03A-S34",0,222664,0,0,0,0,0,0,0,0,0,0,854,0,0,0,0
"M22JUN22-03A-S35",0,310453,0,0,0,0,0,0,0,0,0,0,0,0,0,0,0
"F22JUL29-01A-S36",61,311261,0,0,0,0,0,0,0,0,0,0,0,486,0,0,0
"F22JUL22-01B-S37",0,274989,2707,0,0,0,0,0,0,0,0,2535,102,0,0,0,0
"F21SEP09-01B-S38",0,211202,3065,0,0,0,0,0,11,0,0,7506,0,0,0,0,0
"F21SEP15-01A-S39",0,164360,40412,74076,0,0,0,0,0,0,0,0,0,0,0,0,0
"F23SEP11-01B-S40",0,294023,0,0,0,0,0,0,6,6,0,0,0,0,0,0,0
"F21SEP12-01C-K33-S42",0,9923,62338,85407,0,0,0,0,5,8,0,0,1933,0,0,0,0
"F22SEP06-02A-S46",0,292754,0,0,0,0,0,0,0,0,0,0,0,0,0,0,0
"F22JUL24-03A-Post-S1",0,230847,0,0,0,0,0,0,0,0,0,0,0,0,0,0,0
"F22AUG05-01A-Post-S2",0,203238,0,0,8,0,0,0,23,0,0,0,0,0,0,0,0
"F22SEP06-01A-Post-S3",0,276347,0,0,0,0,0,0,0,0,0,0,0,0,0,0,0
"F23JUL01-01A-Post-S4",0,262971,0,0,7,0,0,0,0,0,0,0,0,0,0,0,0
"13Sept2025-1-S5",0,108918,0,70181,0,0,0,0,0,0,0,0,691,3879,0,0,0
"15Sept2025-3-S6",0,150065,25,75681,0,0,0,0,0,0,0,0,1169,6974,231,0,0
"16Sept2025-2-S7",0,308474,0,8613,0,0,0,0,0,0,0,0,0,18265,0,0,0
"16Sept2025-3-S8",0,260337,204,14352,10,0,0,0,0,0,0,0,454,0,231,0,0
"16Sept2025-4-S9",0,398375,0,0,0,0,0,0,0,0,0,0,0,0,0,0,0
"F18SEP23-2-S10",0,249131,23544,505,0,0,0,0,40,0,0,68,0,0,0,0,0
"F18SEP23-3-S11",0,367149,25157,370,6,0,0,0,0,0,0,775,1,0,0,0,0
"F22JUL29-01C-S12",0,406500,0,96,0,0,0,0,0,0,0,0,0,0,0,718,0
"F23SEP11-01B-S13",0,493466,0,0,0,0,0,0,0,0,0,0,162,0,0,0,0
"F25APR16-01A-Post-S14",0,384144,46,0,352,0,0,0,0,0,0,0,0,0,0,0,0
"F25SEP08-02A-Post-S15",0,319600,0,0,0,0,0,0,0,0,0,0,0,0,0,0,0
"F25SEP08-03A-S16",0,415429,0,0,23,0,0,0,0,0,0,0,0,0,0,0,0
"F25SEP08-03A-Post-S17",0,191870,0,0,16,0,0,0,0,0,0,0,0,0,0,0,0
"F25NOV10-01A-Post-S18",0,92886,141,0,53158,0,0,0,15,0,0,0,0,1555,0,0,0
"F25NOV10-01B-Post-S19",0,150401,243,0,73518,0,0,0,0,0,0,0,0,1977,14,0,0
"F25NOV10-02A-S20",0,109344,0,0,69429,0,0,0,0,0,0,0,0,1115,0,0,0
"F25NOV10-02A-Post-S21",0,97422,0,0,57662,1132,0,0,0,0,0,780,0,1759,0,0,0
"F25NOV11-01A-Post-S22",0,11310,90989,0,760,0,0,0,0,0,0,0,0,0,0,0,0
"F25NOV11-02A-Post-S23",0,15977,174094,0,584,0,0,0,0,0,0,0,0,0,0,0,0
"F25Sept08-03MS-S24",0,241334,0,0,23,0,0,0,0,0,0,0,0,0,0,0,0
"F25Sept16-01MS-S25",0,45417,0,15294,11,0,0,0,0,0,0,0,188,0,0,0,0
"F25Sept16-01MS-Post-S26",0,53883,0,32800,23,0,0,0,13,0,0,0,0,2,0,0,0
"F25SEP16-02MS-Post-S27",0,202655,17,4552,40,0,0,0,0,0,0,0,0,16593,0,0,0
"F25NOV02-01MS-Post-S28",0,158645,34208,0,30,0,0,0,0,0,0,0,0,0,0,0,0
"F25NOV08-01-MS-Post-S30",0,29108,301589,0,9,0,0,0,0,0,0,0,0,0,0,0,0
"F25Nov10-01MS-Post-S31",0,214684,836,0,94509,0,0,0,0,0,0,0,0,4542,923,4,0
"F25DEC23-03MS-S32",0,64073,34570,0,162788,0,0,0,0,0,0,0,0,701,0,0,0
"F26JAN13-04MS-S33",0,159134,0,0,49357,0,0,19575,0,0,0,0,4881,627,0,0,0
"F26JAN13-07MS-Post-S34",0,160747,0,0,44179,0,0,0,28,0,0,0,0,0,12,0,0
"F26JAN13-08-MS-S35",0,218576,8041,0,44972,0,0,0,0,0,0,0,0,0,0,0,0
"F26JAN13-08-MS-Post-S36",0,193754,6491,0,38228,0,0,0,0,0,0,0,0,0,23,0,0
"F20July14-03-S37",0,2771,0,0,24,229384,0,0,0,0,0,0,0,0,0,0,0
"F20Mar09-01A-S38",0,445807,32,0,0,0,0,228,0,0,0,0,136,0,0,0,0
"F20Sept03-02-S39",0,144827,0,135688,18,0,0,0,0,0,0,0,2302,0,0,0,0
"F20Sept03-04-S40",0,130616,0,34343,30,0,0,0,0,0,0,0,644,0,0,0,0
"F20Sept11-01-S41",0,223885,23459,16785,6670,13606,0,2853,17,1564,13633,11297,3304,1666,3830,141,0
"F23JUL01-04A-Lys-S42",0,228,0,0,0,0,0,0,417302,0,0,0,0,0,0,0,0
"F23JUL03-03A-Lys-S43",0,155,0,0,6,0,0,0,13,0,0,0,0,0,0,0,0
"2007Sept11-02A-S1",0,116612,0,0,0,0,0,0,0,0,278,0,0,0,0,0,0
"2007Nov05-07B-S2",0,32446,60667,0,0,0,0,0,0,0,0,0,0,0,0,0,0
"43-S3",0,32494,0,0,0,0,0,0,0,0,0,0,1550,0,0,0,0
"48-S4",0,105923,0,34,0,0,0,0,0,0,0,0,337,0,0,0,0
"53-S5",0,29379,26690,28377,0,0,0,15648,0,0,0,0,1015,0,0,0,0
"54-S6",0,24569,0,4687,0,0,0,0,0,0,0,0,49,0,0,0,0
"2007Sept6-10B-S7",0,75291,0,11248,0,0,0,0,0,0,0,0,0,0,0,0,0
"57-S8",0,3065,30445,72148,0,0,0,0,0,0,0,0,270,0,0,0,0
"F08MAY22-1-S9",0,91450,0,0,0,0,0,0,0,0,0,0,0,0,0,0,0
"F08May28-2-S10",0,68416,0,0,0,0,0,0,0,0,0,0,0,0,0,0,0
"F08July06-2-S11",0,106634,0,0,0,0,0,0,0,0,0,719,166,5723,0,0,0
"F08Aug4-2-S12",0,73062,0,0,0,0,0,0,0,0,0,0,0,0,0,0,0
"F08Aug7-1-S13",0,76695,0,0,0,2244,0,0,0,0,0,0,0,0,0,0,0
"F08Aug30-1-S14",0,42271,0,0,0,0,0,0,0,0,0,0,0,0,0,0,0
"F08Aug30-2a-S15",0,76759,0,0,0,0,0,0,0,0,0,0,0,0,0,0,0
"08Dec2-7-S16",0,142610,15964,0,0,0,0,0,0,0,0,0,0,0,0,0,0
"F08June30-2-S17",0,88423,0,0,0,1101,0,0,0,0,6,0,0,0,0,0,0
"F08July20-6-S18",0,41983,0,0,0,460,0,0,0,0,0,0,0,0,0,0,0
"09May15-12B-S19",54,120512,0,0,0,0,0,0,0,0,29040,0,0,0,0,0,0
"09May15-14B-S20",0,123453,0,0,0,0,0,0,0,0,11333,128,0,0,0,0,0
"09May15-15B-S21",0,156531,0,0,0,0,0,0,0,0,16680,0,0,0,0,0,0
"F09July21-2-S22",0,176730,0,0,0,0,0,0,0,0,0,0,13,0,0,0,0
"F09July21-3a-S23",0,102385,70,0,0,0,0,0,0,0,0,0,0,0,0,0,0
"F09July23-1-S24",0,153937,0,0,0,0,0,0,0,0,0,0,12,0,0,0,0
"09July29-1b-S26",0,99822,0,0,0,0,0,0,0,0,0,0,0,0,0,0,0
"09July29-3b-S27",0,48534,0,0,0,0,0,0,0,0,0,0,93,0,0,0,0
"09July29-6b-S28",0,152817,0,0,0,0,0,0,0,0,0,0,0,0,0,0,0
"F09Aug8-1b-No-tha-S29",0,188,0,0,0,0,0,0,0,0,0,0,0,0,0,0,0
"N09Sept10-9-S30",0,134733,0,3168,0,0,0,0,0,0,0,0,0,0,0,0,0
"F09Sept11-2a-S31",0,73282,0,4801,0,0,0,0,0,0,0,0,0,0,0,0,0
"N09Sept11-7and8-S32",0,86168,0,2052,0,0,0,0,0,0,809,0,107,0,0,0,0
"F09Sept13-1-S33",0,96247,21,30191,0,0,0,0,0,0,0,0,0,0,0,0,0
"F09Sept13-2-S34",0,111083,36,0,0,0,0,0,0,0,0,0,0,0,0,0,0
"N09Sept15-12and13-S35",0,19294,556,85918,0,0,0,7150,0,0,0,0,282,0,0,0,0
"F09Sept20-1a-S36",0,47980,25,68680,0,0,0,0,0,0,0,0,0,0,0,0,0
"F09Oct06-1a-S37",0,663,86958,19408,0,0,0,5423,0,0,0,0,58,0,0,0,0
"F09Oct06-2b-S38",0,30506,61998,14397,0,0,0,2053,0,0,0,0,449,0,0,0,0
"F09Oct09-2-S39",0,64,39152,8799,0,0,0,0,0,0,6232,0,0,0,0,0,0
"N09Dec8-3-S40",0,5454,127151,0,0,0,0,10710,0,0,0,0,380,0,0,0,0
"N09Dec8-5-S41",0,24536,77086,0,1864,0,0,9786,0,0,0,0,1198,0,0,0,0
"N09Dec10-3-S42",0,753,115693,0,0,0,0,0,0,0,0,0,0,0,0,0,0
"09July13-8a-S43",0,191746,59,0,0,0,0,0,0,0,0,0,0,0,0,0,0
"N09Sept10-3-S44",0,97279,14,2292,0,0,0,0,0,0,0,0,0,0,0,0,0
"F10Jul06-1-S45",143,120275,72,0,0,0,0,102,0,0,0,0,46,0,0,0,0
"F10Jul07-4-S46",0,43695,2089,0,0,0,0,0,0,0,0,0,1508,0,0,0,0
"F10Aug12-4-S47",0,128268,0,0,0,0,0,0,0,0,0,0,0,0,0,0,0
"F10Aug15-2-S48",0,189486,51,0,0,0,0,0,0,0,0,0,0,0,0,0,0
"F10Aug19-1-S49",0,150118,0,0,0,0,0,0,0,0,0,0,0,0,0,0,0
"F10Aug23-2-S50",0,97336,0,0,0,0,0,0,0,0,18906,0,0,0,0,0,0
"F10Sept7-3-S51",0,57488,0,660,0,0,0,0,0,0,25,0,0,0,0,0,0
"F10Aug30-2-S52",0,139849,0,0,0,0,0,0,0,0,0,0,0,0,0,0,0
"F10Sept7-2-S53",0,45448,24040,25497,0,0,0,17,0,0,0,0,3,0,0,0,0
"F10Sept7-4-S54",0,86867,0,4480,0,0,0,0,0,0,0,0,250,0,0,0,0
"F10Sept25-4-S56",0,369,15655,83430,0,0,0,3093,0,0,8,0,1665,0,0,0,0
"F10Aug24-3-S57",0,149,0,1085,0,50350,0,0,0,0,3,0,4244,0,0,0,0
"F10Sept25-1-S58",0,94,0,0,0,0,0,0,0,0,0,0,0,0,39508,0,0
"F11June20-2-S59",0,171466,0,0,0,0,0,0,0,0,0,0,18,0,0,0,0
"F11June22-1-S60",0,176777,0,0,0,0,0,0,0,0,0,0,0,0,0,0,0
"F11July3-4-S61",0,233129,14,0,0,0,0,0,0,0,0,0,0,0,0,0,0
"F11July7-1-S62",0,10460,0,0,0,144,0,87153,0,0,0,0,2206,0,0,0,0
"F11July7-3-S63",0,87656,0,0,0,18223,0,0,0,0,0,0,0,0,0,0,0
"F11July23-1-S64",0,139855,0,0,0,0,0,0,0,0,15727,0,0,0,0,0,0
"F11July26-1-S65",0,161692,0,0,0,0,0,0,0,0,0,0,211,0,0,0,0
"F11July27-2-S66",0,48120,0,0,0,90360,0,0,0,0,0,0,0,0,0,0,0
"F11Aug03-1-S67",0,154282,15,0,0,0,0,0,0,0,0,0,0,0,0,0,0
"F22Sep08-01A-S70",0,78421,0,7874,0,0,0,0,0,0,0,0,0,0,0,0,0
"F22Sep08-01A-Clean-S71",0,86760,1027,7018,0,0,0,0,0,0,0,0,345,0,0,0,0
"F11Aug04-5-S1",0,91902,0,0,0,0,0,0,0,0,0,0,0,0,0,0,0
"F11Aug05-3-S2",0,91976,0,0,0,0,0,0,0,0,0,0,0,0,0,0,0
"F11Aug16-4-S3",0,181720,0,0,0,0,0,0,0,0,0,0,4,0,0,0,0
"F11Aug16-5-S4",0,114715,0,0,0,0,0,0,0,0,0,0,65,0,0,0,0
"F11Aug26-3-S5",0,130651,0,0,0,0,0,0,0,0,0,0,0,0,0,0,0
"F11Aug27-3-S6",0,183481,0,0,0,0,0,0,0,0,0,0,139,0,0,0,0
"F11Sept8-4-S7",0,105564,0,589,0,0,0,0,0,0,0,0,159,0,0,0,0
"F11Sept22-1-S8",0,140917,0,167,0,0,0,0,0,0,0,0,0,0,0,0,0
"F11Sept2806A-S9",0,20841,5858,90428,0,0,0,0,0,0,0,0,1701,0,0,0,0
"F11Sept2808A-S10",0,689,0,67165,0,0,0,0,0,0,0,0,1450,0,0,0,0
"F11Oct7-1-S11",0,2583,0,150366,0,0,0,0,0,0,189,6438,3583,0,0,0,42
"F11Oct21-5-S12",0,4667,163239,2243,0,0,0,0,0,0,10303,23394,0,0,0,0,0
"F11July22-1-S13",93,97716,1793,0,0,0,0,0,0,0,0,0,135,0,0,0,0
"F11Aug03-2-S14",0,309162,0,33,0,0,0,0,0,0,0,15446,3,0,0,0,0
"F11Aug05-1-S15",0,190929,30,0,0,0,0,0,0,0,0,0,0,0,0,25,0
"F11Sept29-1-S16",0,42841,0,202514,0,0,0,0,0,0,0,0,43797,0,35,0,0
"F12June8-1-S17",0,235873,0,0,5,0,0,4212,0,0,351,73,1917,0,0,0,0
"F12June15-1-S18",0,117312,0,0,17689,0,0,0,0,0,0,0,0,0,0,0,0
"F12June21-1-S19",0,199517,0,0,0,0,0,0,0,0,0,0,0,0,0,0,0
"F12June21-2-S20",0,221339,0,0,25400,0,0,21155,0,0,3,0,11435,0,0,0,0
"F12June24-3-S21",0,140111,0,0,111,0,0,0,0,0,0,0,0,0,0,0,0
"F12June25-2-S22",0,5370,0,0,7,0,0,0,0,0,71387,0,0,0,0,0,0
"F12June30-2-S23",0,164298,0,0,0,3274,0,0,0,0,0,0,66,0,0,0,0
"F12July2-1-S24",0,422600,0,0,17738,0,0,0,0,0,0,0,16,0,0,0,0
"F12July10-1-S25",0,171285,0,0,0,6224,0,0,0,0,0,0,0,0,0,0,0
"F12Aug27-1-S26",0,138680,4126,0,0,0,0,0,0,0,0,0,0,0,0,0,0
"F12July21-1-S27",0,194101,0,0,0,0,0,0,0,0,0,0,4,0,0,0,0
"F12Aug11-1-S28",34,247195,0,0,0,0,0,10386,0,0,0,0,5844,0,0,0,0
"F12Aug11-2-S29",0,259846,0,0,0,0,0,0,0,0,0,0,12,0,0,0,0
"F12Aug19-3-S30",0,190661,0,0,0,0,0,0,0,0,0,59052,0,14271,0,0,0
"F12Aug22-2-S31",0,290449,0,0,0,5,0,0,0,0,0,0,16,0,0,0,0
"F12Aug22-4-S32",0,172782,0,959,0,0,0,0,0,0,0,3,0,0,0,0,0
"F12Aug26-3-S33",81,108119,13,14462,0,0,0,0,0,0,0,46,0,0,0,0,0
"F12July19-7-S34",0,99507,0,0,0,0,0,0,0,0,0,0,0,0,0,0,0
"F12Aug31-5-S35",0,107736,56103,4441,0,0,0,1036,0,0,0,0,400,0,0,0,0
"F12Sept16-4-S36",0,5291,32708,49323,0,0,0,0,0,0,0,0,1673,0,0,0,0
"F12Sept20-1-S37",0,6579,87060,24063,0,0,0,7228,0,0,0,151,250,30,0,0,0
"F12Sept22-5-S38",0,346,71900,60077,0,0,0,16034,0,0,0,0,1608,0,0,0,0
"F12Sept23-2-S39",0,696,128277,5027,0,0,0,0,0,0,0,0,0,80,0,0,0
"F12June25-1-S40",0,88119,0,0,2833,397,0,0,0,0,0,0,0,0,0,0,0
"F12July11-3-S41",25,142618,0,0,0,0,0,0,0,0,0,0,0,0,0,0,0
"F13May31-2-S42",0,193638,0,0,1531,0,0,0,0,0,0,0,0,0,0,0,0
"F13May31-4-S43",0,318787,0,0,0,0,0,593,0,0,0,0,481,0,0,0,0
"F13June1-1-S44",0,212649,0,0,415,0,0,0,0,0,0,0,7,0,0,0,0
"F13June5-1-S45",0,109698,0,0,0,0,0,0,0,0,0,0,0,0,0,0,0
"F13June17-6-S46",0,117722,1673,0,0,0,0,0,0,0,1575,0,0,0,0,0,0
"F13June29-2-S47",0,184095,0,0,0,25777,0,0,0,0,0,0,0,0,0,0,0
"F13July10-1-S48",0,117306,0,0,0,0,0,0,0,0,0,0,95,0,0,0,0
"F13July19-3-S49",0,136877,0,0,0,0,0,0,0,0,0,0,6,0,0,0,0
"F13Aug8-2-S50",0,138484,0,0,0,0,0,0,0,0,63,0,0,0,0,0,0
"F13Aug9-4-S51",0,156254,0,0,0,0,0,0,0,0,0,0,0,0,0,0,0
"F13Aug9-6-S52",0,189339,0,0,0,1,0,0,0,0,0,0,10,0,0,0,4
"F13Aug9-7-S53",0,122273,0,0,0,0,0,0,0,0,0,0,0,0,0,0,0
"F13Aug10-1-S54",0,135741,8,0,0,0,0,0,0,0,0,0,0,0,0,0,0
"F13Aug12-3-S55",0,274827,0,0,0,0,0,0,0,0,0,0,6,0,0,0,0
"F13Aug12-4-S56",0,64435,0,0,0,0,0,0,0,0,0,0,0,0,0,0,0
"F13Aug18-1-S57",0,163880,0,0,0,0,0,0,0,0,0,0,0,0,0,0,0
"F13Aug18-5-S58",0,87312,0,0,0,0,0,0,0,0,0,0,0,0,0,0,0
"F13Aug22-1-S59",0,79638,0,109,0,0,0,0,0,0,32274,1423,0,0,0,0,0
"F13Aug25-4-S60",0,163083,0,0,0,0,0,0,0,0,0,181,0,0,0,0,0
"F13Sept3-1-S61",0,97875,0,22491,0,2,0,0,0,0,0,0,0,0,0,0,0
"F13Sept8-1-S62",0,171044,0,514,0,0,0,0,0,0,0,0,0,0,0,0,0
"F13Sept8-2-S1",0,119250,59,33987,0,0,0,0,0,0,0,0,896,0,0,0,0
"F13Sept11-5-S2",0,48550,0,73614,0,0,0,0,0,0,0,0,1651,0,0,0,0
"F13Sept19-1-S3",0,52152,726,54660,0,0,0,26987,0,0,0,0,3886,0,0,0,0
"F13Sept25-3-S4",0,10443,68131,25524,53,0,0,7404,0,0,0,507,1237,54,0,0,0
"F13Sept26-1-S5",0,81367,26980,22371,0,0,0,8207,0,0,0,0,3361,0,0,0,0
"F13Oct2-1-S6",0,4738,94020,117429,0,0,0,0,0,0,0,0,3783,0,0,0,0
"F13Oct2-2-S7",0,36063,62445,27560,0,0,0,0,0,0,0,7677,746,320,0,0,0
"F13Aug9-3-S8",0,168391,0,0,0,0,0,0,0,0,0,2,99,0,0,0,0
"F14June02-01-S9",0,99310,0,0,0,0,0,0,0,0,19147,0,0,0,0,0,0
"F14June05-02-S10",0,105708,0,0,0,0,0,0,0,0,0,0,350,0,0,0,0
"F14June23-01-S11",0,72315,0,0,0,0,0,0,0,0,0,0,0,0,0,0,0
"F14July01-01A-S12",0,69582,0,0,0,0,0,0,0,0,0,0,1281,0,0,0,0
"F14July07-01-S13",0,135200,0,0,0,0,0,0,0,0,0,0,0,0,0,0,0
"F14July15-01-S14",0,85827,0,0,0,0,0,0,0,0,0,0,0,0,0,0,0
"F14July15-02-S15",0,177399,0,0,0,61,0,0,0,0,0,0,27,0,0,0,0
"F14Aug09-03-S16",0,253013,0,0,0,14352,0,0,0,0,0,0,413,0,0,0,0
"F14Aug09-04-S17",0,179698,0,0,0,0,0,0,0,0,0,0,0,0,0,0,0
"F14Aug24-01-S18",0,95296,18001,0,217,0,0,0,0,0,0,0,0,0,0,0,0
"F14Aug24-04-S19",44,239569,0,0,0,0,0,0,0,0,0,0,0,0,0,0,0
"F14Oct01-01-S20",0,21183,113856,0,0,0,0,0,0,0,0,0,0,0,0,0,0
"F14Oct05-03-S21",0,23766,82610,8184,0,0,0,0,0,0,0,0,0,0,0,0,0
"F14July21-03-S22",15,222205,24,0,0,0,0,0,0,0,0,0,0,0,0,0,0
"F16July12-3-S23",0,133792,20,0,0,34183,0,0,0,0,0,0,974,0,0,0,0
"F16July20-1-S24",0,115813,0,0,0,0,0,0,0,0,0,0,0,0,0,0,0
"F16Aug20-1A-S25",0,53916,0,112332,0,0,0,0,0,0,0,4369,3307,0,0,0,0
"F16Sept14-1-S26",0,19730,0,32287,494,0,0,1909,0,0,0,111,1063,0,0,0,0
"F16Sept19-2A-S27",0,28642,73472,13556,0,0,0,0,0,0,0,10,0,0,0,0,0
"F16Sept19-3-S28",0,16751,38494,72280,0,0,0,0,0,0,0,0,2144,0,0,0,0
"F16July15-01-S29",0,119348,0,0,0,0,0,0,0,0,0,4,0,0,0,0,0
"NOAA2016way-S30",0,105643,20,0,22776,0,0,0,0,0,11201,464,0,1947,0,0,0
"F17June25-1A-S31",0,121928,0,0,0,0,0,0,0,0,0,73980,0,1535,0,0,0
"F17May31-02A-S32",0,190053,0,0,2899,0,0,0,0,0,0,0,0,0,0,0,0
"F18Aug11-1-S34",0,145017,0,0,0,336,0,0,0,0,0,0,4,0,0,0,0
"F18Aug18-1A-S35",0,107689,8393,378,0,0,0,5281,0,39,1790,4995,13443,0,0,0,0
"F18Jul13-1-S36",0,90224,17,522,0,41554,0,0,0,0,0,0,1120,0,9,212,0
"F18Jul13-2-S37",0,137437,0,0,0,4081,0,0,0,0,0,0,0,0,0,0,0
"F18Jul15-1A-S38",0,735,11,0,0,72293,0,0,0,0,0,0,1993,0,0,0,0
"F18Jul15-2-S39",0,26298,0,0,0,147695,0,0,0,0,0,0,4083,0,0,0,0
"F18Jul15-5-S40",0,215,0,0,0,162793,0,0,0,0,0,0,5436,0,0,0,0
"F18Jul27-S41",0,7289,0,0,0,116843,0,0,0,0,6,0,3228,0,0,0,0
"F18Jul30-1-S42",0,73118,0,0,0,12395,0,0,0,0,0,0,411,0,0,0,0
"F18Jun20-1-S43",0,9198,0,0,0,0,0,16451,0,0,400,0,345,0,0,0,0
"F18Sept17-1-S44",0,57057,33067,26483,0,0,0,0,0,0,0,0,5561,0,0,0,0
"F18Sept23-1-S45",0,138325,12229,283,0,0,0,0,0,0,0,0,0,0,0,0,0
"F18Sept25-1A-S46",0,9992,95630,54456,0,0,0,131,0,0,0,0,1641,0,0,0,0
"F19Aug15-01A-S47",0,207169,0,0,0,0,0,0,0,0,0,0,0,0,0,0,0
"F19Aug16-01A-S48",0,167708,0,0,0,0,0,0,0,0,17,0,0,0,0,0,0
"F19Aug16-02A-S49",0,223956,0,0,0,0,0,0,0,0,0,0,0,0,0,0,0
"F19Aug17-01A-S50",0,154329,0,21026,0,0,0,0,0,0,0,0,653,0,19,0,0
"F19Aug17-02A-S51",0,226592,0,0,0,0,0,0,0,0,0,0,0,0,0,0,0
"F19Aug20-02A-S52",0,83506,0,0,0,0,0,0,0,0,0,0,0,0,0,0,0
"F19Aug29-01A-S53",0,209494,0,0,0,0,0,0,0,0,0,0,0,0,0,0,0
"F19Aug31-02A-S54",0,121306,0,0,0,0,0,0,0,0,0,0,0,0,0,0,0
"F19Sep21-01A-S55",0,155109,2496,15640,0,0,0,0,0,0,24,0,403,0,0,0,0
"F19Sep30-01A-S56",0,167997,0,0,0,0,0,0,0,0,0,0,0,0,0,0,0
"F19Sep30-02A-S57",0,95968,0,0,0,0,0,0,0,0,0,0,0,0,0,0,0
"F19Jul05-01A-S58",0,72866,0,0,1965,0,0,0,0,0,0,3994,0,0,0,661,0
"F19Jul05-02A-S59",0,104487,0,0,0,0,0,0,0,0,0,0,0,0,0,0,0
"F19Aug26-02A-S60",0,108927,0,0,0,0,0,0,0,0,0,0,0,0,0,0,0
"F19Sept05-01A-S61",0,137478,0,0,0,0,0,0,0,0,0,0,0,0,0,0,0
"F19Sep21-02A-S62",0,115268,208,18573,0,0,0,2017,0,0,0,0,393,0,0,0,0
"F20Feb26-04A-S63",0,73751,0,0,3550,0,0,0,0,0,0,0,0,0,0,0,0
"F20July06-01A-S64",0,164721,0,0,0,0,0,0,0,0,0,0,0,0,0,0,0
"F20July13-02A-S65",0,169288,0,0,0,0,0,0,0,0,0,0,0,0,0,0,0
"F20July14-01A-S66",0,78414,0,0,0,174,0,0,0,0,0,0,0,0,0,0,0
"WADE-002-016-S4",0,25236,0,0,0,0,0,0,0,0,0,0,0,0,12,16,0
"WADE-002-024-S26",0,8052,3780,36626,0,0,0,0,0,0,0,0,0,0,0,0,0
"WADE-002-027-S6",0,78533,0,0,0,0,0,0,0,0,0,0,0,0,0,0,0
"WADE-002-029-S7",0,52040,0,0,0,0,0,0,0,0,0,0,0,0,0,0,0
"WADE-002-032-S8",0,40591,0,0,0,0,0,0,0,0,0,0,0,0,0,0,0
"WADE-002-039-S9",0,8179,4001,46399,0,0,0,0,0,0,0,0,22,0,0,0,0
"WADE-002-040-S10",0,53119,0,0,0,0,0,0,0,0,0,0,0,0,0,0,0
"WADE-002-042-S28",0,19104,0,0,0,0,0,0,0,0,0,0,0,0,0,0,0
"WADE-002-044-S12",0,25358,0,0,0,0,0,0,0,0,0,0,0,0,0,0,0
"WADE-002-046-S29",0,283,0,0,0,0,0,0,0,0,65,0,0,0,0,0,0
"WADE-002-049-S30",0,222738,0,0,0,0,0,0,0,0,0,0,174,0,0,0,0
"WADE-002-070-S16",0,5772,0,0,2243,0,0,0,0,0,0,0,0,0,0,121,0
"WADE-002-072-S14",0,46213,0,0,7531,0,0,0,0,0,0,0,0,0,0,0,0
"WADE-002-073-S15",0,39756,0,0,7258,0,0,0,0,0,0,2506,0,253,0,0,0
"WADE-002-074-S17",0,58315,0,0,0,0,0,0,0,0,0,0,0,0,0,0,0
"WADE-002-075-S21",0,54338,0,0,0,0,0,0,0,288,0,0,0,3324,0,0,0
"WADE-002-076-S22",0,0,0,0,0,0,0,0,0,0,0,0,0,0,0,0,0
"WADE-002-078-S18",0,37740,0,0,4153,0,0,0,0,0,0,2456,0,259,0,0,0
"SRR27755242",0,201456,711,10301,0,0,0,0,0,0,53,55,29020,0,0,0,0
"SRR27755243",0,31314,133,101445,0,0,0,0,0,0,60,15,927,0,0,0,0
"SRR27755081",0,29268,122,75968,3,0,0,0,0,0,21,0,684,0,0,0,0
"SRR27755014",0,8166,1641,242320,0,0,0,0,0,0,305,70,3004,0,0,0,0
"SRR27755089",27,2462,66250,46150,0,0,0,0,0,0,10,15,489,0,25,0,0
"SRR27754990",0,30004,86,89591,0,0,0,0,0,0,25,0,344,0,0,0,0
"SRR27755001",0,31688,198027,0,0,0,0,0,0,0,15,0,0,0,0,0,0
"SRR27755158",0,48050,153965,118,0,0,0,0,0,12,277,11,0,0,0,0,0
"SRR27755169",0,331,228834,1618,0,0,0,0,0,0,73,0,0,0,0,0,0
"SRR27755244",0,70,225082,24,0,0,0,0,0,0,19,0,0,0,0,0,0
"SRR27755249",0,10265,74800,95,0,0,0,0,0,0,83,0,0,0,0,0,0
"SRR27755254",6,156349,22178,0,0,0,0,0,0,0,190,0,0,0,130,0,0
"SRR27755130",0,205,187212,771,0,0,0,0,0,0,46,0,0,0,0,0,0
"SRR27755125",0,29,86621,0,0,0,0,0,0,0,10,0,0,0,0,0,0
"SRR27755190",0,91,6317,0,0,0,0,0,0,0,0,0,0,0,0,0,0
"SRR27755230",0,29778,168738,0,0,0,0,0,0,0,11,0,0,0,0,0,0
"SRR27755213",0,154,195152,0,0,0,0,0,0,2,36,0,0,0,0,0,0
"SRR27755196",0,28864,169723,66,100,70,0,0,0,0,144,0,50,0,25,0,0
"SRR27755180",0,1108,143493,0,0,0,0,0,0,0,58,72,0,9550,0,0,0
"SRR27755080",0,16536,235913,0,0,0,0,0,0,0,30,21,0,0,0,0,0
"SRR27755075",0,5967,108321,0,0,0,0,0,0,0,0,0,0,0,0,0,0
"SRR27755070",0,6147,86282,0,0,0,0,0,0,0,0,0,0,0,0,0,0
"SRR27755044",0,180326,42,0,0,0,0,1736,0,0,18,13,2392,0,186,0,0
"SRR27755058",0,215838,84,0,0,0,0,1663,0,0,0,0,2512,278,134,0,0
"SRR27755047",0,89766,2284,915,0,0,0,0,0,0,13142,0,0,0,3,0,0
"SRR27755037",0,145776,39952,7119,0,0,0,0,0,0,11,10,0,11,0,0,0
"SRR27755026",0,41024,68248,7648,0,0,0,0,0,0,17,18,0,0,0,0,0
"SRR27755110",0,52688,87340,9750,0,0,0,0,0,0,38,17,0,0,0,0,0
"SRR27755015",0,132254,272,2966,0,0,0,13360,0,0,6427,21,8804,0,0,0,0
"SRR27755013",0,12880,31415,1956,0,0,0,0,0,0,0,0,0,0,0,0,0
"SRR27755012",0,11616,26575,1759,0,0,0,0,0,0,0,0,0,0,0,0,0
"SRR27755011",0,103108,321,0,0,0,0,0,0,0,0,17,0,0,0,0,0
"SRR27755096",0,88060,18517,7196,0,0,0,18,0,0,0,0,17,5,290,0,0
"SRR27755095",0,90321,129,489,0,0,0,0,0,0,44922,0,0,0,0,0,0
"SRR27755094",0,150202,19612,3401,0,0,0,0,0,0,0,0,0,0,0,0,0
"SRR27755093",0,164660,125,0,0,0,0,0,0,0,0,0,0,0,0,0,0
"SRR27755092",0,163121,110,97,0,0,0,0,0,0,0,0,0,0,0,0,0
"SRR27755091",0,78606,79,0,0,0,0,0,0,0,0,0,0,0,0,0,0
"SRR27755090",0,139961,195,5908,0,0,0,0,0,0,32,19,20956,0,0,0,0
"SRR27755088",0,18359,26369,43751,0,0,0,275,0,0,0,20,627,0,6,0,0
"SRR27755087",0,108642,87,78,0,0,0,0,0,0,10,0,0,0,0,0,0
"SRR27755086",0,106757,2171,0,0,0,0,0,0,0,25301,1200,0,3,0,0,0
"SRR27755085",0,106129,28969,9561,0,0,0,0,0,0,0,6,0,0,32,0,0
"SRR27755084",0,270,152,0,4,0,0,0,0,0,0,0,0,0,0,0,0
"SRR27755083",0,155089,1459,1039,0,0,0,0,0,0,0,24,0,0,23,0,0
"SRR27755082",0,247827,536,963,0,0,0,0,0,0,1961,37,52,0,0,0,0
"SRR27755017",0,14121,19357,31853,0,0,0,191,0,0,0,0,98,0,0,0,0
"SRR27755016",0,95474,357,237,0,0,0,0,0,0,7304,8,0,0,0,0,0
"SRR27754991",0,95389,12661,0,0,0,0,0,0,0,19565,0,0,0,0,0,0
"SRR27754989",0,86333,12306,0,0,0,0,0,0,0,14964,0,0,0,0,0,0
"SRR27755010",0,132910,122,0,0,0,0,0,0,0,0,0,0,0,0,0,0
"SRR27755009",0,217955,153,0,0,0,0,0,0,0,15,16,0,0,0,0,0
"SRR27755008",0,74681,75,0,0,0,0,0,0,0,0,0,0,0,0,0,0
"SRR27755007",0,92974,213,23515,0,0,0,860,0,0,4,0,679,0,316,701,0
"SRR27755006",0,173795,197,618,0,0,0,0,0,0,2692,14,0,0,818,0,0
"SRR27755005",0,169375,827,74,0,0,0,0,0,0,1420,15,0,110,0,0,0
"SRR27755004",0,126618,525,32325,0,0,0,2117,0,0,43,35,1143,0,496,1180,0
"SRR27755003",0,141503,37,241,0,0,0,0,0,0,19,10,0,0,0,0,0
"SRR27755002",0,93036,181764,361,0,0,0,0,0,0,312,100,0,0,0,6,0
"SRR27754999",0,235647,900,0,0,0,0,0,0,0,14,0,0,0,0,0,0
"SRR27754998",0,158326,258,3109,0,0,0,0,165,0,0,0,0,0,41,0,517
"SRR27754997",0,183569,59,2801,0,0,0,0,0,0,17,0,0,0,163,0,352
"SRR27754996",0,250510,164,3825,0,0,0,0,0,0,0,7,0,0,0,0,1081
"SRR27754995",0,43172,1576,2980,0,0,0,0,0,8,20684,69,5223,38,0,0,0
"SRR27754994",0,92328,440,0,216,0,0,0,0,0,377,0,0,0,0,0,0
"SRR27754993",0,93044,206983,14934,11,0,0,0,0,0,580,4032,0,0,0,0,0
"SRR27754992",0,63142,39756,0,0,0,0,0,0,0,18,0,0,0,0,0,0
"SRR27755159",0,83662,3004,0,0,0,0,0,0,0,0,0,0,0,40,0,0
"SRR27755157",0,25459,1001,0,0,0,0,0,0,0,0,0,0,0,92,0,0
"SRR27754988",0,262672,78,0,0,0,0,0,0,0,475,11478,0,0,0,0,0
"SRR27754986",0,307164,0,0,0,0,0,0,0,0,161,73,0,0,0,0,0
"SRR27755175",0,120189,0,0,0,0,0,0,0,0,0,0,0,11,0,0,0
"SRR27755174",0,209444,0,0,0,0,0,0,0,0,18,37,0,0,0,0,0
"SRR27755173",0,344614,77,56,90,79,0,0,0,0,150,11,62,0,22,0,0
"SRR27755172",0,353417,0,0,0,0,0,0,0,0,537,501,0,0,0,0,0
"SRR27755171",0,300122,64,0,0,0,0,0,0,0,281,175,0,0,0,0,0
"SRR27755170",0,331580,320,0,0,0,0,0,0,0,798,380,6051,0,0,0,0
"SRR27755168",0,278526,0,0,0,0,0,0,0,0,334,293,0,0,0,0,0
"SRR27755167",0,123386,0,0,0,0,0,0,0,0,51,43,0,0,0,0,0
"SRR27755166",0,258843,0,0,0,0,0,0,0,0,68,53,0,0,0,0,0
"SRR27755165",0,324481,0,0,0,0,0,0,0,0,0,0,0,0,0,0,0
"SRR27755164",0,177341,0,0,0,0,0,0,0,0,34,41,0,0,0,0,0
"SRR27755163",0,276365,0,0,0,0,0,0,0,0,200,112,44,23,0,0,0
"SRR27755162",0,353462,24,0,0,0,0,0,0,0,0,0,71,0,0,0,0
"SRR27755161",0,292147,63,0,0,0,0,0,0,0,256,145,156,0,0,0,0
"SRR27755160",0,200573,0,0,0,0,0,0,0,0,30,23,0,0,0,0,0
"SRR27755147",0,205,197,279216,0,0,0,0,0,0,60,0,62,0,0,0,0
"SRR27755156",22,43625,23893,95816,4,0,0,0,0,0,0,0,0,0,16,0,0
"SRR27755155",76,62364,39878,105967,7,0,0,0,0,41,26,17,0,0,0,0,0
"SRR27755154",0,255396,220,379,71,0,0,0,0,289,118,42,84,0,12,1218,0
"SRR27755153",0,1830,0,0,0,0,0,0,0,0,0,0,0,0,0,0,0
"SRR27755152",0,178941,305,510,148,25,0,0,0,1009,255,195,17,17,9,0,0
"SRR27755151",46,49515,28876,84120,10,0,0,0,0,34,21,8,0,0,176,0,0
"SRR27755150",0,647,25,5077,0,0,0,93,0,0,0,0,7,23,0,0,0
"SRR27755149",0,23045,670,236973,19,0,0,4231,0,110,31,21,253,1305,0,0,0
"SRR27755148",0,63045,111562,129669,74,0,0,0,0,0,94,5,130,0,19,0,0
"SRR27755275",0,40206,55054,94091,0,0,0,0,0,0,11,12,0,0,0,0,0
"SRR27755274",0,788,115563,30515,0,0,0,0,0,0,11,0,454,7,0,0,0
"SRR27755273",0,417,71974,22539,14,0,0,0,0,0,29,0,292,0,0,0,0
"SRR27755245",0,34991,43696,41612,0,0,0,0,0,0,19,17,0,0,0,0,0
"SRR27755246",0,29530,45887,46524,0,0,0,0,0,0,13,0,643,0,0,0,0
"SRR27755272",0,89255,13995,0,0,0,0,0,0,0,15781,0,0,0,0,0,0
"SRR27755271",0,58825,5371,0,0,0,0,0,0,0,7177,0,0,0,0,0,0
"SRR27755270",0,209183,128,49,0,0,0,0,0,0,34,0,5183,0,0,0,0
"SRR27755247",0,150466,99196,17893,0,0,0,0,0,0,0,7,16,0,0,0,0
"SRR27755250",0,19,0,19,0,0,0,0,0,184821,4,0,0,0,805,0,0
"SRR27755269",0,52,179,0,0,0,0,0,0,8402,0,3652,0,845,0,0,0
"SRR27755268",0,14,0,0,0,0,0,0,0,214294,0,0,0,0,0,0,0
"SRR27755267",0,67051,0,0,0,0,0,0,0,130625,0,0,0,0,0,0,0
"SRR27755251",0,191,90,800,0,0,0,0,0,0,3,0,0,0,0,0,0
"SRR27755060",0,45179,0,0,8659,0,0,2538,0,0,0,0,6202,0,0,0,0
"SRR27755059",0,67325,16,0,13751,0,0,5680,0,0,104,0,5208,0,0,0,0
"SRR27755057",0,104266,123,179,360,1942,30,94,0,0,372,0,137,0,29,0,0
"SRR27755056",0,149302,0,0,36,0,0,0,0,0,45,0,46,0,0,0,0
"SRR27755055",0,162081,943,0,64,0,16,340,0,0,72,0,545,0,0,0,0
"SRR27755054",0,140970,14,0,13,0,17,0,0,0,0,0,0,0,0,0,0
"SRR27755053",0,4837,20844,0,0,0,0,0,0,0,0,0,0,1256,0,0,353
"SRR27755052",0,19038,0,0,0,0,0,4132,0,0,0,0,4144,0,0,0,0
"SRR27755051",0,25437,417,0,1177,0,0,149,0,0,0,0,521,0,0,0,0
"SRR27755050",0,157331,1906,0,9173,0,0,1065,0,0,0,0,3267,0,0,0,0
"SRR27755049",0,16365,15439,0,8646,0,0,53,0,0,0,0,63,0,0,0,0
"SRR27755048",0,34062,34744,0,21736,0,34,120,0,0,0,0,159,0,0,0,0
"SRR27755046",0,15715,42628,0,12395,0,47,0,0,0,0,0,0,1583,0,0,100
"SRR27755024",0,11971,49143,0,11713,0,974,0,0,0,30,0,0,339,0,0,25
"SRR27755023",0,1895,159352,0,279,0,210,121,0,0,209,0,19,0,0,0,0
"SRR27755022",0,58667,16670,0,25,0,88,51,0,0,0,0,21,45,0,0,0
"SRR27755043",0,77985,14030,0,99,0,18,0,0,0,0,0,0,0,0,0,0
"SRR27755042",0,344,110373,0,0,0,26,0,0,0,0,0,0,15,0,0,0
"SRR27755041",0,426,196750,0,0,0,28,0,0,0,0,0,0,0,0,0,0
"SRR27755040",0,11260,1997,0,78,0,287,4545,0,0,85,0,866,0,0,0,0
"SRR27755039",0,4982,0,0,100,0,0,413,0,0,293,0,751,0,0,0,0
"SRR27755038",0,60767,0,0,3375,0,0,733,0,0,2476,0,2398,0,0,0,0
"SRR27755036",0,32120,0,0,8747,0,0,0,0,0,265,0,0,0,0,0,0
"SRR27755035",0,6808,0,0,3227,0,79,0,0,0,0,0,0,0,0,0,0
"SRR27755034",0,110763,85,0,9198,0,56,0,0,0,8181,0,0,0,0,0,0
"SRR27755033",0,165961,2118,0,12695,0,106,0,0,0,13988,0,45,0,0,0,0
"SRR27755032",0,182,804,0,0,0,53081,0,32,0,0,0,0,0,0,0,0
"SRR27755031",0,824,24649,0,114,0,517917,0,463,0,12,0,13,0,0,0,0
"SRR27755030",0,1617,19868,0,27,0,81,5619,0,0,0,0,936,0,0,0,0
"SRR27755029",0,269,1460,0,10,0,115002,264,720,0,5,0,51,0,0,0,0
"SRR27755028",0,229,293,0,18,0,228140,0,762,0,25,0,0,0,0,0,0
"SRR27755027",0,2954,51165,0,2,0,41,13237,0,0,0,0,1180,0,0,0,0
"SRR27755025",0,71785,0,0,13329,0,187,0,0,0,0,0,0,0,0,0,0
"SRR27755099",0,72264,0,0,10907,0,0,0,0,0,13,0,0,0,0,0,0
"SRR27755098",0,143963,0,0,31071,0,0,0,0,0,7,0,0,0,0,0,0
"SRR27755097",0,5269,106,0,8,0,10,0,0,0,0,0,0,4610,0,0,0
"SRR27755021",0,5971,24,0,0,0,213,0,0,0,0,0,0,6541,0,0,0
"SRR27755020",0,5791,0,0,8,0,0,0,0,0,166,0,25,3193,0,0,0
"SRR27755019",0,32552,114,102856,0,0,0,0,0,0,57,27,1189,9,0,0,0
"SRR27755018",0,11354,17438,49456,0,0,0,0,0,0,0,0,562,0,0,0,0
"SRR27755112",0,10979,21346,54621,0,0,0,0,0,0,8,0,616,0,0,0,0
"SRR27755111",0,12903,24904,63089,0,0,0,0,0,0,9,28,715,0,0,0,0
"SRR27755109",0,2057,0,2279,0,0,0,0,0,0,0,0,0,0,0,0,0
"SRR27755108",0,80829,0,0,59,0,146,0,0,0,1005,0,22,0,0,0,0
"SRR27755107",0,164612,0,0,15,0,121,0,0,0,559,0,28,0,0,0,0
"SRR27755106",0,53877,0,0,0,0,0,0,0,0,0,0,0,0,0,0,0
"SRR27755105",0,3733,21,0,16939,0,9,15687,0,0,7277,0,4003,0,0,0,0
"SRR27755104",0,47494,0,0,6,0,201,12227,0,0,38295,0,19147,0,0,0,0
"SRR27755103",0,40893,0,0,13,0,11,11133,0,0,31593,0,16698,0,0,0,0
"SRR27755102",0,39726,0,0,30,0,0,10383,0,0,30915,0,20372,0,0,0,0
"SRR27755101",0,103228,5524,753,0,0,0,3939,0,173,5842,11314,17092,0,89,0,0
"SRR27755100",0,193794,10484,540,0,0,0,7477,0,577,4277,6636,26786,0,0,0,0
